{"cameraMode":{"drawMode":0,"name":"Shaded","section":"Shading Mode"},"sceneLighting":false,"audioPlay":false,"sceneViewState":{"m_AlwaysRefresh":false,"showFog":true,"showSkybox":false,"showFlares":true,"showImageEffects":true,"showParticleSystems":true,"showVisualEffectGraphs":true,"m_FxEnabled":true},"in2DMode":false,"pivot":{"x":1.7176904678344727,"y":0.4448997974395752,"z":0.031833648681640628},"rotation":{"x":-0.12505528330802918,"y":-0.11964865773916245,"z":0.015197106637060643,"w":-0.9848051071166992},"size":1.5482556819915772,"orthographic":false}